Close,High,Low,Open,Volume,Target
117.35289001464844,118.02598131332324,115.2555592898168,116.00669253232006,91183000,1
196.52085876464844,196.56056130389416,193.43346752411227,193.6717130553052,70404200,0
177.07821655273438,177.6135787817926,174.31215063473297,175.8587694385985,51449600,0
77.49578094482422,77.57840592683334,76.6354977307433,76.73756083121987,81803200,1
109.3406982421875,109.49651327893982,104.85137965372228,105.591486218956,149981400,1
146.36187744140625,149.3440325752995,145.34812731297455,147.5330747402819,74286600,0
115.9042739868164,118.36804952245832,115.69977228869678,118.10511346082514,115393800,1
230.9681091308593,231.3069145139278,229.0349022193022,230.78874694170784,34082200,0
58.70230484008789,62.79093319087167,58.1666849886367,58.63928856454173,322423600,1
73.3075180053711,73.60975223726805,71.84954036585081,71.84954036585081,132079200,1
145.74713134765625,147.3982909462784,145.17367228142913,145.39119175781394,50547000,1
215.7410430908203,216.4974998735104,210.933524598722,211.10273143743845,60402900,0
186.7403106689453,188.106635570632,185.185866819052,187.3838611793616,59922200,0
148.25950622558594,148.49644255294848,145.05106689456673,146.23573346771818,51804100,0
134.2016143798828,135.53434166770566,132.4147629011091,133.1058083537203,63646600,0
112.34854125976562,113.01188278583412,109.83174481299208,111.11941434226163,113874200,1
142.52606201171875,143.4166088320994,141.48872832316107,141.5963770040042,56699500,1
168.28366088867188,171.67319360904702,168.0947990703537,168.56197877866052,50383100,1
194.50259399414065,194.54220593555127,193.3243880114047,194.1164606567971,38824100,0
85.47647857666016,85.89446863409366,84.86650277346662,85.39871125985869,96820400,0
72.14694213867188,72.75382346407903,71.92691473047077,72.49752942348555,108872000,1
173.4099884033203,173.94535074695764,171.19910182632682,172.299583153516,48527900,0
130.40455627441406,133.91185238072063,129.3982891326952,133.3256706891164,151101000,1
169.00718688964844,169.31145435336728,165.06148967296951,165.95467253383114,106765600,0
150.65280151367188,152.134884350233,148.19901305641005,148.20882281861407,88807000,0
69.15534210205078,69.42194089429611,65.28483354397228,67.1679847520732,285290000,1
76.09842681884766,77.40585342154391,76.0668333890782,76.55772557449362,101729600,1
225.2863922119141,225.3958807735831,220.618221554563,220.618221554563,60412400,0
170.36428833007812,171.49298697857782,169.77023004875,171.44347960387887,37266700,0
147.6592254638672,148.76834300613436,147.38440226384824,148.6112968984832,55020900,1
183.79405212402344,183.80397397190293,181.40156892129536,182.58292017691045,42841800,0
145.9610137939453,146.37204690308326,144.52244270958388,144.93347581872183,127050800,1
187.3739318847656,188.017482278876,185.7402946643157,186.0670100223849,51216800,1
246.1562042236328,246.6450305346601,241.1682365595268,241.2480458688008,44649200,0
174.9060821533203,177.23228437904302,174.79811483502314,176.1526111960713,59773000,0
120.14505004882812,121.97507024694492,119.63617145947644,120.7615847905906,112172300,1
139.98558044433594,141.57331379089658,139.20150923995394,139.63274915010976,74602000,0
110.05159759521484,110.30965976352992,107.41010462326904,107.60486600059996,165598000,0
75.22356414794922,75.28431846247351,73.2769935373758,74.00118763637258,158929200,1
193.44532775878903,194.41081372828987,192.13146492648488,193.73397115741048,47471400,0
152.67234802246094,153.24493285853742,148.71363285221915,148.71363285221915,83322600,0
151.50291442871094,156.4505157277147,151.38464998799563,155.07069875161233,101696800,0
124.1378173828125,124.66627253334184,123.71701091848011,124.24546606900942,56575900,1
228.2377014160156,228.6960967971132,226.3742566041183,226.98212047615,28183500,0
106.0102310180664,109.05829026903427,104.90007487274671,108.15263578946612,190272600,1
115.91397857666016,116.48853715790356,113.81052787994952,114.86224951347042,126387100,1
127.80048370361328,128.51261072501254,125.2836873079933,125.73242467921784,97664900,1
152.06338500976562,156.5349734862068,151.83735301963387,156.1909993742422,96970100,1
226.3842163085937,226.4838721062008,223.10574735994533,225.96568932825608,30602200,0
190.1507263183593,191.02663488992152,188.1301769262196,188.44869465688268,44361300,0
152.23223876953125,154.10482916146404,150.47789777328236,152.4096354211257,84923800,0
138.68203735351562,141.50468713963937,138.46641744180278,140.79902469310844,89056700,1
184.21099853515625,184.2507162227342,180.18051667398524,180.76622380895435,59144500,1
193.2944793701172,193.30440121762783,190.32621099568144,191.67632450221151,52696900,0
133.41513061523438,133.57171323969362,131.4774691683095,131.91784473362776,64556100,1
242.255599975586,244.0413008508573,241.49743440151173,242.325438826628,36870600,1
254.6557159423828,255.0347911495625,252.8400883307868,254.15691915529425,40858800,0
139.17208862304688,139.3190954107542,135.61437481140692,136.69247443763487,83221100,1
223.7434997558593,227.54015139464096,223.11570169720304,226.9920749311584,43695300,0
142.4086151123047,143.8080328596919,142.1443838493398,143.23065133870858,62880000,1
186.0265350341797,187.53741474171235,185.66869550258488,187.28891548830453,41781900,0
162.2445526123047,162.46048727030927,156.96399321031473,157.03270650001684,174048100,0
132.7899169921875,135.88976291691353,132.0198926268116,134.9420475735265,160156900,1
165.9695281982422,166.65746140454794,163.68950386212114,164.4855419291192,86185500,0
120.54703521728516,121.01597906896608,117.4891545867303,117.55754145534942,111912300,1
145.8268585205078,146.0032816187781,144.28813265765052,145.48383770122956,68034100,1
146.13699340820312,146.81817210889182,138.75265175216816,139.59177292691083,111380900,0
108.28898620605467,112.40825587998958,108.19160550747638,112.03820625352358,143937800,1
159.9353485107422,160.04345337346268,149.3804359903009,149.9504420850254,141147500,0
77.34024047851562,78.6015006101808,76.70353646464031,76.9805722755511,133560800,1
188.5889434814453,189.5121752287953,187.874176578012,189.4823945368072,24048300,0
59.325172424316406,61.278603044823406,58.79924908019055,59.95773528488038,271857200,1
124.1867446899414,125.5763892558692,123.61914391415893,125.08707232073915,72009500,1
134.5612030029297,136.1851436237319,131.65778627775248,135.08283314259847,98964500,1
177.45498657226562,177.51446959158443,174.2923416030924,175.29367439346143,42390800,0
139.40428161621094,140.98965464191818,138.64095994672076,140.67648937620848,121434600,0
85.44242858886719,86.36832365901888,85.32091997161581,86.3075693503932,114406400,1
228.985092163086,232.1041333637585,228.07829123837303,229.29401907737392,51906300,0
134.03167724609375,134.47205285044467,132.96497108839114,133.2585598021392,63261400,0
112.3011245727539,113.86897819384106,109.26279802021776,109.42835336524011,146129200,1
118.59310913085938,119.755693282019,117.94831975836384,118.84712067934996,80819200,1
133.72462463378906,134.8958370832566,131.21490083390682,131.31331283551427,81000500,1
208.2958526611328,212.5061577637865,195.08762024216463,198.1632326509201,119548600,0
59.5045166015625,62.5897733176163,59.208835672807325,60.77206450877943,303602000,1
169.83236694335938,171.58238974232736,169.66428642470126,171.0979268022727,45326900,0
124.58798217773438,124.98921955050378,122.42523508929489,122.55246033737806,76857100,0
70.92701721191406,72.19456919203475,69.43649702723432,69.44376756876824,198054800,1
167.18153381347656,167.20116831659928,159.79072343360525,162.64693708008207,179935700,0
106.98834991455078,107.30913448125898,105.85588858029786,106.32248498790057,121776800,0
79.00977325439453,79.27223605785474,78.32446277639103,78.89798738729773,104491200,1
156.61805725097656,160.2154075742502,155.44521812063925,159.79161664881417,77906200,0
148.7926025390625,149.5428782799837,144.2810362048945,144.55745437595286,80389400,0
146.48985290527344,148.28112280430025,144.52143236631133,146.71623208011104,103718400,1
188.79966735839844,189.2848002551128,187.75017769506536,188.34422075160825,41573900,0
62.875762939453125,65.84953953078768,62.77154940088239,65.63140853862814,202887200,1
111.10330963134766,112.29137324538236,110.59692563716496,111.55127413308996,99382200,1
141.7851104736328,142.8593858144363,139.45914810857732,139.6464101482739,61758300,1
188.9861755371093,189.9218023921439,188.2993849653176,188.62785068172937,41282900,0
181.42433166503903,183.929193115328,181.1360640493915,183.8993744195286,45119700,1
193.88873291015625,194.68080550669023,192.2154835157044,192.7402284005584,48291400,0
166.51022338867188,166.65852525119462,163.32654598880194,163.32654598880194,64902300,0
146.36187744140625,146.64729173693155,141.82466868695218,142.07072118986648,67808200,1
148.77261352539062,151.4124925875259,146.03385648579933,146.1426162263365,84457100,0
118.46611785888672,121.973399087529,118.4074952170664,119.76546840374732,164560400,1
187.2586669921875,187.7649538450281,184.4790199292933,184.7371242791588,78005800,0
181.321517944336,181.8767129123944,180.0326638382413,180.7861556902591,49340300,1
193.67092895507807,194.77982161953312,193.3441984148306,194.2946886325988,35175100,0
112.94384002685548,117.26760316923634,112.63221739110126,116.81964609469402,120639300,1
177.9209442138672,178.14896748076782,175.78937369863468,176.44371711975322,43675600,0
142.0074005126953,142.53584819056374,139.59999125619547,139.69785912702395,99890800,1
146.88729858398438,147.95348958195228,145.40648026408388,147.22296218487898,64218300,0
65.04247283935547,67.19464143835056,64.32993033303205,66.95955078291355,180991600,1
171.54283142089844,171.88888927687347,170.16851193401882,170.53433331738626,55962800,1
189.25405883789065,190.1276661417232,188.36060783923185,190.0184652287441,38134500,0
176.3783416748047,179.55845745447346,175.8090608575143,179.25419002967348,99310400,0
169.30548095703125,169.43435579022267,166.4600837859852,167.89766069037708,44846000,0
68.53973388671875,69.54553862943841,67.1001079878715,68.99780003465911,215250000,1
179.5667266845703,179.99304691061286,176.80066012445005,176.98903312238062,52722800,0
92.16187286376952,92.2542206187511,90.8690265429245,91.09259829217558,121214000,1
158.4423065185547,158.53128765648677,156.069385653722,157.06798695939537,59196500,1
172.57373046875,172.701479862601,169.03576656556126,169.202835000459,90371900,1
181.34136962890625,187.23043067946264,179.91371663144653,186.7842777718091,81755800,0
130.5390625,132.83926868979583,128.63375022087482,132.63196256739838,77852100,1
172.7159881591797,175.77948480311008,172.48794973853728,174.99625134216151,84267900,0
120.166015625,121.31882810556309,119.66776420491011,120.81081245730564,75089100,1
164.7700958251953,165.9763348015194,163.69239520940707,164.21641532852104,52456400,0
107.45148468017578,109.26279366804528,105.86415795625577,106.847719970666,178011000,1
171.7129669189453,173.33318674250597,171.01717211248007,171.9018287593836,60139500,0
168.56198120117188,169.3671161921521,167.93575835610383,168.57191570910442,42055200,1
220.076400756836,221.0031358039712,216.71819503548093,220.8835610121704,43840200,0
71.2057113647461,71.3826376879092,69.88484737820362,70.27504532581419,183064000,1
121.13320922851562,121.14298091076108,117.64546402785828,118.61265932269636,92403800,1
227.6708068847656,228.3192366196321,224.4585543557752,224.478510489453,44923900,0
171.2457733154297,172.01115512427612,169.03909913099622,170.7288907150358,71106600,0
165.73902893066406,166.26304897753164,163.67259403000486,163.92967071563345,47720200,0
119.25511169433594,119.85016847078656,118.54299200625124,119.59653588349062,78260400,1
171.99127197265625,172.37893013348045,169.8641193422282,171.4743893691613,94214900,0
121.7374496459961,124.14765680517117,120.59076927456684,123.81412407030224,155552400,1
130.444091796875,132.6584848793838,130.13192410023277,132.2585255999266,96452100,0
121.62274932861328,122.66987119812988,121.290022503846,122.40564739412464,67637100,1
220.5187225341797,220.5187225341797,218.0104484863841,218.97593450353423,37369800,0
183.4619903564453,183.5514464252485,181.0167516388485,181.4640471500516,48983000,0
161.9126739501953,163.41553157370114,160.96351183078312,161.2205734284031,45498800,1
176.03724670410156,176.6816813943478,172.05171790486162,173.67765269377628,112488800,1
226.6831817626953,227.081789771112,223.7833864288354,223.8431738287627,42137700,0
76.63691711425781,76.66351755996668,75.23213318778205,75.3506140079616,121532000,1
182.5409698486328,183.31427930675537,177.9605961154563,178.1588778766287,53003900,0
174.04885864257812,175.838040881393,172.74670999766127,175.09254322615726,81510100,1
180.33091735839844,182.0207090697704,179.0486680197237,181.4143703487687,48953900,0
168.70162963867188,170.95215737367448,168.00385912062177,169.88094594072888,77251200,0
109.77649688720705,110.79657580812425,107.12039705946748,109.65233223130258,212403600,1
129.93560791015625,129.97467972929903,126.48694221609573,126.8093406260924,106686700,0
122.6768035888672,124.28878824765124,121.8463895081631,122.80380564002115,115227900,1
168.69122314453125,170.39094937582044,168.5619986920605,168.97947557636294,57388400,1
192.0471954345703,192.5521344153844,189.36405275409533,189.73039525314567,85069600,0
186.6431884765625,188.12236184083608,186.414864785386,186.4843631662735,53790500,0
164.5921173095703,165.52151594579726,163.78136017187086,164.22629596467013,49923000,0
158.986083984375,160.52848384854775,158.6993469072352,160.5186020856557,47644200,0
148.0242156982422,151.4638968278343,147.51318815597864,148.83991330847238,108732100,1
161.72433471679688,167.15211495820313,161.4887655737255,164.38423368988907,152052500,1
235.6516571044922,236.02037141360947,233.62876897482323,233.62876897482323,36254500,0
134.96475219726562,138.5374250816839,134.89585027333402,138.06500838135332,91437900,1
221.9896850585937,222.76695165661573,219.0500213655269,221.7206265576352,37498200,0
143.24191284179688,145.19065940090803,141.90338667799685,143.25176455295096,86643800,1
191.0211181640625,193.3441028913112,190.54461197208147,192.85767485186383,44594000,0
155.23773193359375,155.5030679702358,150.6285567574635,154.009274370481,123055300,1
180.26071166992188,180.87538968418903,177.4351473327296,177.64333789269085,70530000,1
247.4530792236328,253.66808268004456,247.14382766353577,251.55318925842403,56774100,0
232.5824432373047,233.9077863541258,231.7354297301684,232.5027368410313,36087100,0
75.60209655761719,76.78444070588084,75.47878997818663,76.57408680926149,161954400,1
160.38743591308594,163.72884988791748,159.1786377230553,161.86158516779412,83474400,1
176.06430053710938,177.29119522816015,174.84721561195994,176.01522175411898,62348900,0
124.0252914428711,127.02983860800374,123.88872179377304,125.62511371158064,111598500,1
135.18124389648438,139.4231864175674,134.4430864271214,137.6712938917074,136095600,0
127.68342590332033,128.22970451216872,125.34222761254838,125.6056023729016,88636800,1
167.80654907226562,170.8879300889726,167.80654907226562,169.26771043200742,53704400,1
187.9238128662109,187.9337347140823,185.4122068995574,185.50154897397763,43490800,0
118.01747131347656,119.80929993505694,116.48857131996704,117.83244278615231,150712000,1
178.0176544189453,178.48299654054432,175.81965996172053,177.90874423926195,67823000,0
168.28366088867188,170.31140768247312,168.16437095925713,168.86018085141623,44838400,0
146.82481384277344,149.237291312372,145.9448542824683,148.51553045848686,68572400,1
239.013427734375,240.21053691361496,236.58928278806928,236.69901868412032,48137100,0
150.86871337890625,151.66957380513296,148.40681134075203,149.57349317484446,73695900,1
188.07313537597656,188.3507328940101,186.0010627849652,186.66531506939765,45280000,0
152.02099609375,153.91255310407425,150.91349517698131,153.8537503925487,74420200,0
121.54025268554688,123.13244579194858,121.31627042883116,122.71370217000428,187630000,1
155.68177795410156,156.13513503517575,152.43922061054926,154.3808088580502,74229900,0
122.46187591552734,122.66703652293154,119.41376694425402,122.06132638305527,111039900,1
139.96595764160156,141.9261279382809,138.9858724932619,139.43671824165966,64452200,0
133.75552368164062,133.80437463624327,131.81136898331476,132.89579458373277,71297200,1
170.45057678222656,171.1960744249358,169.4863986176142,170.71896018041463,65672700,0
168.01583862304688,168.40845386171824,165.22833782381016,165.95466478279718,120405400,0
78.73588562011719,79.06307473499535,78.36749924118695,78.5710817713545,94747600,1
127.96018981933594,134.36793960946636,123.67537946659266,133.9881496684702,200119000,1
145.64065551757812,145.7876623043235,143.90590065942186,144.54295000853472,55802400,0
139.42320251464844,139.66925503284406,137.56304607780373,137.6909831751248,89116800,1
167.15866088867188,168.81953778376487,166.28399977180155,168.81953778376487,76575500,0
58.387245178222656,60.28008580485976,57.95584248192985,59.74204357498645,176218400,1
242.4252014160156,243.5225604021956,240.66944226019712,242.28553892887177,44383900,0
159.0524444580078,160.55051089039753,157.514946518142,158.82575088680454,73314000,1
225.60696411132807,227.18143154067607,224.26170199000447,225.7265541171402,34765500,0
193.16598510742188,196.2649472303636,190.7402598040341,191.18581105243047,80507300,0
168.82064819335938,172.05965199706762,168.46730205155964,169.50770597554322,96904000,1
171.8170166015625,172.32805922455944,168.4756025229789,168.77043538223953,74829200,0
113.45023345947266,113.5963082073717,110.57746227936272,110.92803870245233,106243800,1
140.66326904296875,141.8443178517002,138.8523265350572,139.11806739782315,74064300,0
130.8538055419922,132.06343308345475,127.72243834178268,130.47336045084296,106239800,0
87.91879272460938,88.01357302520984,85.3671112421525,85.84585558837018,130646000,1
174.86737060546875,179.54689311295104,174.50053343712446,179.12057292485625,54945800,0
126.87772369384766,127.69838099168602,125.83238479543854,127.23920884062578,87668800,0
112.53726959228516,112.9633165837108,111.0229765598598,111.35894623327408,105633600,1
174.78805541992188,178.58521118121962,173.32075212571604,177.95070042200115,90370200,0
130.60816955566406,131.54601807895426,128.22898467531743,129.70980289008992,77432800,1
194.958236694336,195.9834409155792,193.9628916105844,194.49042328995185,54156800,0
131.78292846679688,131.80266185993827,128.7916774670581,129.5715682785917,69458900,0
128.73696899414062,130.19047198118514,127.88828722259836,128.1028988014902,54930100,1
145.40542602539062,147.32639940143548,144.85658076220977,146.8265464293222,58991300,0
130.5575714111328,131.76126866490313,130.087823514383,131.57532865567404,68711000,1
189.433349609375,191.06698713435688,188.7303811843197,189.6709759307026,46920300,0
112.0381851196289,113.49891761177705,109.92498646777234,111.02540970017918,111850700,1
134.024169921875,134.03391957969882,131.29276234885165,132.96087670510042,84183100,1
153.06997680664062,154.83416823515125,151.39449874644285,152.55747250443096,87965400,1
186.6729736328125,190.40564874926807,186.10712531543376,189.5519002011277,55859400,0
160.7329864501953,161.1648557029123,154.88316196359054,155.80578900771513,136739200,1
179.15623474121094,179.97800874169684,177.48298533965166,179.2354435119536,61945900,1
191.3551025390625,191.67362027294607,189.02599856414395,190.5488754083416,75158300,1
211.5008850097656,214.16840257809503,210.31642191496232,212.8545549484321,70122700,0
162.27435302734375,162.56918589174444,159.63070950306087,160.24985701872006,95056600,0
130.1737823486328,130.72661868998517,127.9821703785141,129.24580060550824,63814900,1
134.3350067138672,134.39372145259853,132.8572827706187,133.6793339104709,52485800,1
168.63156127929688,169.6553768320082,167.56799252573734,167.7767233727702,47691700,1
226.04542541503903,227.42059644239848,223.5442228703079,224.86956599566977,38677300,0
95.61028289794922,95.74880452196624,93.37938613595313,93.72447392303611,90318000,1
153.5778045654297,153.74588507311654,151.15544476328222,151.38284602819238,65573800,1
188.33084106445312,189.57175373642207,187.2785343944212,188.191859451107,54412900,0
153.87168884277344,157.0361817522216,152.70219483485,153.22305964573388,88063200,0
85.93820190429688,88.77907450051282,85.78995750703652,88.55792788577938,205256800,1
176.05726623535156,179.41366034455214,175.56222276728346,176.67111530134713,61944600,1
191.64654541015625,192.48043504376977,191.42814358023,192.2024718325653,28919300,1
226.4138336181641,228.10973956989392,225.8651541338214,226.6233197345054,38328800,0
156.82652282714844,159.75143440281596,154.11754582855056,156.04130754478018,115798400,0
152.25192260742188,152.33077056785083,146.9495288572936,147.15649159454767,81474200,1
171.61203002929688,172.33379095243657,168.8337158986843,169.05123536921852,113316400,0
76.55287170410156,77.04862158939132,74.66462279176794,74.8736214980084,145946400,1
178.30474853515625,178.33444993394386,175.17607026429087,175.93844141740337,68901800,0
147.19898986816406,148.6593071585842,146.12089023001082,147.23818669368217,92229700,1
188.789779663086,190.7600582083635,188.35415407859097,189.51255404191053,46778000,1
245.8968200683593,250.196445491468,245.6673626102133,247.36328368802745,45205800,0
158.29396057128906,160.2318418847326,157.97756316447288,159.40132132182822,50133100,0
70.04965209960938,70.4834806861114,68.15923783954538,68.34585328692468,226176800,1
149.35528564453125,150.74725807535745,148.05217373541836,150.36224602679474,74829600,0
143.19273376464844,144.13756705664937,139.87593549444708,140.732208499025,71185600,1
168.65145874023438,169.05900112515698,167.33939066831408,167.6872804964856,42451200,0
107.54888916015624,108.5713976607182,105.88365466238004,106.78930929411844,107624400,1
190.0581817626953,190.51484429092645,188.4996033239707,188.50952517211448,46505100,0
117.81153869628906,118.85689248276148,116.2581767195336,116.78573572681164,98844700,0
117.21561431884766,119.35515074210788,116.6978194776284,118.88621431520568,111943300,0
114.24876403808594,116.02111927354656,112.24269366983658,114.19033711230628,176940500,1
142.74136352539062,143.2013156357775,141.02878032832388,141.29301163126834,70440600,1
171.6533203125,175.56967037066977,171.46445848220424,174.30729011068368,73531800,0
131.70396423339844,132.5430854442494,129.75915527463124,132.16795510561155,71379600,1
171.07008361816406,171.13886943985568,167.2766062849375,168.11194838158724,90131400,1
171.70892333984375,172.25927004993568,169.77287259452683,170.88340327470584,80546200,0
169.09873962402344,171.00721175997333,168.60174119797853,169.73489700267342,95132400,1
226.0055694580078,227.20136306464835,223.3449237414969,227.1017072618697,37245100,0
144.2884979248047,145.2543744211321,140.94739177527688,141.99211625326663,79471000,0
75.366943359375,75.42040745275091,73.94772346356687,74.27579824490549,133838400,1
124.84564208984376,124.98241580897376,119.96084511060396,120.89872523618496,116307900,1
191.1303253173828,192.98672576072192,190.3361382062477,192.4903607097449,42628800,0
156.8396453857422,157.24258310394316,151.79806526213048,154.34342597712845,102300200,1
187.7105712890625,188.1858238773272,187.0670208486372,187.20563240999925,46347300,0
170.92147827148438,172.14094058886474,169.35504178574476,170.78267952738358,49594600,1
176.860107421875,178.17870301308767,176.4238784890915,176.5726011495921,43698000,1
247.1737518310547,247.612695417372,244.7495916510093,246.2958646584201,36914800,0
73.61478424072266,73.9613663577404,73.18580760432597,73.48875908671029,115215200,1
140.8258056640625,141.68469046865562,139.2956388988772,140.5395207716393,62128300,1
216.94541931152344,218.4682960618276,215.0044842643322,217.6819649471348,41601300,0
140.3876953125,145.61384732144396,140.27943162604245,144.75758953991215,69473000,1
227.8145904541016,230.38258262455565,225.58501197125685,228.38192926123955,57345900,0
169.0758819580078,177.7917457988914,167.59379870515536,175.96612607483445,150185800,0
143.02517700195312,143.95487710280224,139.90339458333094,140.39270413849675,96350000,1
172.47315979003906,172.97811385055638,171.73059450812943,172.25533943207657,43570900,0
162.5298614501953,163.48314576119236,160.20069560988745,160.6920786569655,95811400,1
193.7610778808593,194.3269413796048,192.4209011669581,193.602252557368,42355600,0
120.71835327148438,121.51826448637163,119.25510050455728,119.31362823363808,86712000,1
133.34133911132812,133.97540930683178,130.23923574746274,130.70748731350233,124486200,0
74.83560180664062,78.01993693561123,74.54062095731271,77.59680909150437,199588400,1
113.12893676757812,114.70924480626918,111.33400971509884,112.719227827361,138023400,1
155.7880859375,157.62585374072555,153.2918516527838,157.43912578291366,105342000,1
168.10475158691406,170.2120353375331,167.6673905223103,170.03310800783655,68587700,1
171.39736938476562,173.9155794449356,171.15942220172326,173.80652221036553,64189300,0
141.50970458984375,142.06085975579472,134.97455116041425,135.2206036464889,90601500,0
140.7073211669922,141.32926952973608,138.505842687211,138.5157093840139,66435100,1
142.52606201171875,144.30715565248005,140.55904331544653,140.95048491894528,100827100,1
169.57630920410156,170.35268789659128,167.1193937273566,168.88837586977738,61177400,0
138.2998046875,139.40730560106334,136.58465581671635,136.71207166126047,80861100,1
145.804443359375,146.6264796970787,144.54201654625697,145.09983651776034,72434100,1
170.69210815429688,170.88922057556053,168.8786498167292,169.04619612673898,54091700,0
167.46331787109375,168.0922875017565,163.89588754215904,164.5051976542895,70618900,1
170.3412322998047,176.42450322724187,169.81441519205438,175.98714219427453,106181300,1
171.38246154785156,171.608205971386,169.1249723822828,170.7935461214453,86213900,0
74.86463165283203,75.058058615668,74.0353026659935,74.28675624192712,170108400,1
123.57022094726562,124.21611308729156,122.493741513493,124.10846439728724,74244600,1
158.9466094970703,159.14290958570567,156.6891210359219,157.77860375109535,69463600,0
59.783233642578125,60.59029684026707,57.46868356365228,58.11094292904205,300233600,1
125.66193389892578,127.57063079085206,122.7015227453997,124.24016267088328,225702700,1
222.1291961669922,224.56065178607977,219.49844414747824,220.1959891516409,65276700,0
77.30623626708984,77.45204814265487,76.0862919880059,76.82749926533644,112945200,1
150.534912109375,152.5919073451431,149.87549323073483,151.5781722761147,53623900,1
161.48812866210938,163.81727946148703,159.35551308277192,162.1367428748668,91162800,1
169.2261505126953,170.5546549284134,166.18247183150447,167.88772217595067,56294400,0
127.36724853515624,128.0914319234411,125.71339507680857,127.58254589565875,91815000,1
179.66493225097656,181.47401381447327,178.45225486971108,180.18181486443112,136682600,1
249.1888885498047,251.3935770141874,246.4953889833524,246.9044059960769,60882300,0
154.93307495117188,163.33572839193604,154.53997449609216,159.05086744995398,131747600,1
162.8025360107422,163.09915484076092,160.17253885078875,160.5976809407093,45390100,0
127.71270751953124,128.4053204209461,124.72767407409188,125.21542502622192,109578200,0
88.66242218017578,88.70130583433298,86.89568925164441,87.65633451294114,137522400,1
146.25137329101562,147.48727255329774,145.7866739614647,146.04375066348234,44998500,1
150.5370330810547,152.24207704269242,148.73342540610145,150.18222476731452,86652500,1
221.88006591796875,222.3085524071335,217.126770108234,220.6842723421212,44587100,0
108.88299560546876,109.90551130322967,106.30237419337884,109.73022311017552,183055400,0
79.30060577392578,79.30545033637647,77.91187311697357,77.91187311697357,113730400,1
191.7006378173828,192.51251639930567,191.0075799471612,191.4135192381226,37283200,0
158.84848022460938,161.9108190637314,156.76767195675856,160.98819200859322,118023100,0
127.95256805419922,128.81143780896,126.09661191364768,126.3532816511138,75703700,1
188.8368682861328,189.76253191302305,186.49780129168897,187.03529613574696,70400000,1
212.07818603515625,219.1749862131909,205.9368934525013,206.40470686074585,198134300,0
192.06695556640625,192.3936860433753,189.90855835393603,189.99766254560217,50520200,0
124.41181182861328,125.0185582040358,123.81485373225529,124.49010312859087,56877900,1
127.75171661376952,129.18569050201904,127.5761185573667,128.9223157448781,88223700,1
183.92916870117188,185.09215835173688,182.4083547485107,184.6547973151463,56529500,0
115.7335205078125,116.14322943354532,113.9483506196358,114.70924075099312,74113000,1
220.4949493408203,221.11277276612057,218.2428558389481,218.2428558389481,44155300,0
128.9879608154297,131.88953170552884,128.62649057291716,131.83091652103695,87222800,1
143.90591430664062,144.1509356110608,142.73961050481446,143.72949119090302,64838200,1
151.22714233398438,151.5505722295667,150.04123271684918,150.6978879757905,57808700,0
66.75353240966797,68.15680559462812,65.88830129483978,67.228565607775,255598800,1
138.39474487304688,139.84354452092543,136.5714361256321,138.39474487304688,74899000,0
128.97216796875,129.71592783022342,126.87792428717148,127.02472606998036,96721700,0
77.72256469726562,78.5228804217208,77.11809618158854,78.22305902038404,118826800,1
163.3660888671875,163.52428757903846,162.1796287016244,163.2276687659828,41516200,1
192.0138397216797,192.986710905306,188.79738898571,188.8271848225055,66628400,0
145.67984008789062,146.39529798138776,144.68014915737908,145.71903690942145,50720600,1
223.9626007080078,225.8836246934572,221.6434447483752,223.32558043665784,39960300,0
162.5413818359375,163.42841029450733,160.89546979944944,161.65436841608152,63135500,1
165.9695281982422,168.9473080022522,165.56659053604196,168.08246911671398,69589300,0
112.51536560058594,115.71924004150326,110.6358893306761,115.23232916774082,184642000,1
118.7966079711914,120.32814549895028,118.56248962317086,119.596519149209,79184500,1
178.6456756591797,179.4996045429641,174.42516992990628,174.54294702694892,104487900,1
253.87759399414065,254.3863612366688,245.09876750312787,247.4431032675572,147495300,0
162.96517944335938,163.45796799318663,160.64906724368603,160.85604505164724,56697000,0
127.8254165649414,129.1736258583108,126.48698641018822,128.22597366039514,97918500,1
133.2128143310547,135.5847487472672,131.79554968965817,132.66164417884966,73409200,1
152.41717529296875,152.88891376980982,147.78835583208624,148.29938335493543,92964300,1
163.69239807128906,163.92969618258195,159.59909994312628,159.80673767634033,68445600,0
143.5702362060547,144.73515421762997,139.51280928282884,142.1289150988489,77663600,0
118.24140167236328,118.37817539980496,116.41449226141692,117.62591989887572,88105100,1
183.05943298339844,185.7398164976455,183.00980859435376,185.6802399646441,55467800,0
117.32306671142578,120.06832806693622,117.30353080035886,119.99016951544908,88530500,1
153.49380493164062,155.22841546191245,145.68803498734457,146.06254411260886,164762400,1
157.4834747314453,159.8455883126916,157.10948505325337,157.57206506641117,59907000,1
167.27664184570312,169.6647565186416,164.7607477720155,165.09489967753055,98062700,1
168.00537109375,168.28368903028098,165.2122420517991,165.54024770277562,48251800,1
177.31617736816406,180.3697497847248,176.61225971587282,179.8641290223829,51427100,0
124.7441177368164,127.01470850998555,123.4804874926226,125.26733892869382,89113600,1
145.9934844970703,146.71873790698544,144.85658218082636,146.02288585396352,74588300,0
92.3854522705078,92.57014778095314,91.09503107606254,91.13148218567702,90329200,1
131.56591796875,135.3898830922379,131.04890322533043,134.668021314243,121047300,1
152.11447143554688,152.51983488560623,149.21751602061343,149.2471763928944,62199000,1
170.36428833007812,171.42367363249335,170.0969605927275,170.28507955206572,42110300,0
148.94068908691406,152.35644968138112,148.49644664158131,151.81347999768036,56007100,1
165.11375427246094,165.68539087789364,163.8522166048561,164.90679147316692,53841500,1
169.61785888671875,169.68684147739978,166.9567881529433,167.37074385189385,68039400,0
142.58251953125,144.3245757006066,141.50973407273898,143.3698906543045,63141600,1
164.41677856445312,167.60093126737578,163.32590754694263,166.89335344125396,82772700,0
137.71609497070312,139.6214071902777,135.7318039714629,138.61446164278013,89908500,0
123.47061157226562,129.22605213593528,122.58211921528644,128.6139854814398,112117500,1
194.28721618652344,194.565179405056,192.26203828251843,192.7881840281593,53377300,0
85.5615234375,85.83370902956554,83.77291975886371,85.41085390565064,165428800,1
222.66729736328125,223.1655459656629,220.36539125313263,221.02308305755813,28111300,1
234.49432373046875,235.0031061533749,232.76849125195545,232.76849125195545,45986200,0
175.92820739746094,177.94079715459063,175.53164379989184,177.345951758237,43622600,1
191.8095550537109,192.4036133115075,190.51254346863507,191.43333225746687,48353800,0
164.34796142578125,165.9695343967265,163.23744599263426,165.851592274227,67929800,1
169.85931396484375,171.66127945739515,169.5820908286863,171.41375772100255,50747300,1
192.75840759277344,194.84314692565724,191.70611607825748,193.80077725921527,54822100,0
143.6319122314453,146.01974493776575,142.43799587828508,145.93165788061674,104818600,1
175.0557403564453,177.00883168990967,174.98633341606396,175.61093536777827,46964900,0
142.700439453125,144.7684202341798,142.4064108437259,143.52370759550948,69023100,0
134.7544403076172,139.98666700994897,134.29044945457875,139.3054883080985,98931900,0
93.2408676147461,93.29919680465662,92.05980720131564,92.67220807313528,90257200,1
176.44371032714844,177.8416216381054,174.65914430549358,174.96648328990372,67257600,1
186.1957550048828,186.52248552112167,183.8294477274505,184.04726807160984,50730800,0
175.54244995117188,177.21569960645425,174.81969058140083,175.20582395511747,55964400,0
144.78712463378906,145.7614978791984,140.8502848803236,142.3069113841073,113990900,1
226.99208068847656,228.71603171782343,226.50380681299467,227.6597471643239,34026000,0
81.62950134277344,85.31364412865861,81.52743824020874,84.88836389660872,201662400,1
223.265853881836,225.74426861436035,222.24064965794977,223.77348959602472,49151500,0
181.49282836914065,182.32449774459167,180.631457595104,180.98788948565831,54929100,0
173.31472778320312,173.50284672542747,170.86921174934298,171.2850464654308,65496700,0
93.50334167480467,93.60783733719364,91.14850337011598,91.55677066710048,158130000,1
177.6929168701172,177.8911986418375,174.69882732290304,174.86736758526175,63841300,0
141.4104461669922,143.19153992301273,140.92113666468427,143.08389123520334,76299700,1
164.51504516601562,164.92782013945308,161.08520094874402,162.17607195952326,67723800,0
154.72669982910156,160.0729499038518,153.1149639973743,156.08292186895503,131148300,1
189.1056060791016,192.1015891258543,188.219749617586,190.61851957640835,52280100,0
80.56021881103516,80.62097312386399,78.55046881252456,78.57962969607472,137250400,1
183.26321411132807,183.8496838430312,181.3646914504941,182.3785574262725,52292200,0
93.07804107666016,93.62725502908616,92.0282047566612,93.57379093641129,125642800,1
117.36215209960938,120.7522030474246,115.88694849490928,118.944829308409,178155000,1
173.69094848632812,174.0275895351184,171.39395459047836,171.60187949980389,54835000,0
139.42320251464844,141.2243087499828,138.74409516157192,140.4467743824865,70207900,0
121.94570922851562,123.11026818036667,121.88699448010972,122.88518253436054,71311100,1
217.22412109375,218.2791844745757,214.745706315722,215.95008057489312,36311800,0
177.5343017578125,178.08949677364237,175.61093679016653,175.99759154247158,51826900,0
144.03912353515625,144.2359625097589,141.01759196163377,141.02742865411602,66253700,0
128.90000915527344,131.05908080542864,128.38222193199377,129.97465541366606,84566500,1
182.19793701171875,184.22843448265328,181.2822212748061,184.0393164696827,50759500,0
130.6636962890625,131.7758582423787,129.40390886311616,131.0278641513014,84784300,0
83.35248565673828,84.00620266393342,80.82267515019947,80.98549997370785,138808800,1
176.99673461914062,177.085067441037,173.79699870871303,173.81661824019562,74919600,0
146.12564086914062,146.59805740261146,140.98806413686148,141.80496013260634,78140700,0
114.46538543701172,115.86035340373677,114.4166148091823,115.73354084039396,73604300,0
64.95037078857422,65.45448618898067,64.15300782522117,65.12245255308986,161834800,1
69.48252868652344,69.84849644250897,68.43068203167357,69.64975849579653,157125200,1
76.2210464477539,76.33227394816954,75.45941772509225,75.82209877195635,108829200,1
105.38699340820312,107.36385041762158,102.25128611202057,102.41683403022384,167743300,1
174.2328643798828,174.58977763559852,172.09138484558866,172.50778112260195,60895800,1
190.83924865722656,192.9778399722658,190.34420521064493,191.49270963252084,45377800,0
90.5701141357422,92.01120488127154,90.45832825923632,91.23112145924068,112424400,1
143.15122985839844,145.85627435363685,142.85720133218834,145.85627435363685,129868800,0
55.55888748168945,61.033826561579104,55.25835823713997,59.90684466812261,401693200,1
220.0465087890625,224.4510243839852,219.00018373655976,223.1655345406608,48423000,0
219.91696166992188,221.9298901997397,216.777986478492,216.7879611815548,59894900,0
166.77734375,167.5110029440003,165.39926501775972,165.47858075180807,58499100,1
226.75294494628903,228.60643037956845,226.54367384020583,228.4968150773993,31759200,0
184.82945251464844,185.70073399676707,183.1760088711044,183.71066436514263,53079300,1
191.4546356201172,191.83285642957057,190.0312842327525,190.2004910768324,42309400,0
161.1540069580078,161.64539008752615,157.00673214520708,157.74380683948462,123511700,0
112.67847442626952,114.0953868249226,112.58353067113144,112.9462768876478,145538000,1
154.0919189453125,154.69503836094125,149.92940378389787,150.443542077547,76161100,1
221.0462341308593,222.77814001369308,219.6029868223781,220.40921389598267,50036300,0
189.919189453125,191.52740733771327,189.4426832554431,190.0978887446676,39617700,0
94.34660339355467,94.53858170931154,91.25542322619388,92.19103384207206,170989200,1
208.0968017578125,210.3960464470149,207.6389363414956,208.1764159984445,56713900,0
90.64788055419922,91.90914086643645,90.64301546203014,91.7317355771427,103625600,1
124.69840240478516,125.5568487900098,123.83020635972,124.64962433562889,90757300,0
118.3000259399414,119.24767787685906,116.05302349253787,116.28749169278656,129525800,0
78.2151107788086,78.33661941527829,77.0875070725464,77.2187384764973,80791200,1
167.98545837402344,169.7050685827557,167.47852546870348,168.13455182641533,71765100,0
138.0695037841797,141.03610072606975,137.4387349893986,140.4841648717613,85925600,0
107.19831848144533,107.30543948676396,100.40103822697644,101.803344165932,195713800,1
153.56956481933594,154.12820565202878,151.31536568577172,151.8838169424037,82278300,1
215.23342895507807,215.77090862412464,210.9833011439981,211.1127008665185,42201600,0
188.6511688232422,189.29473443261008,187.8987081479732,188.6115719908716,41342300,0
181.6429901123047,181.9710108933785,180.36072568018065,181.75233037266264,45057100,1
228.0683135986328,229.01499812075548,223.84317512238368,224.2019147293616,66781300,0
156.73822021484375,161.35134029387297,154.90279093312674,160.47779205545413,108275300,0
122.60137176513672,124.91091291308472,122.40565097616602,123.73657324672143,94625600,0
77.26490783691406,78.0449911609041,76.90767216991519,77.58325985255884,153532400,0
76.81343078613281,76.98509775416542,75.48360024038988,75.58273394834251,162234000,1
122.02400970458984,122.2490879012354,120.233135080965,120.5267237775913,92612000,1
169.87088012695312,170.56774768489342,167.92746882126974,168.17284767511228,80440800,0
160.07293701171875,160.35793256447772,155.72911292478716,158.34325918812343,96046400,1
251.5930938720703,252.8899685500744,250.14658624824915,251.6230204612337,35557500,0
77.313232421875,77.49500334449696,76.24926307124777,76.43103399386973,152531200,1
219.2446746826172,219.35416325375093,214.09874221485333,215.1438424446849,58046200,0
145.3053436279297,146.79284867562072,143.9450638275039,146.0491036180456,106820300,0
130.6674041748047,131.27118380524524,127.11296048915096,129.28457897882038,151948100,1
167.7659149169922,167.9340105056485,165.98623191391812,166.58935140303254,55209200,1
188.0528564453125,188.66835941071503,186.0872550795852,188.59886103241988,43389500,0
164.8180389404297,166.27670374105745,164.24640247078557,164.6702084046216,54147100,1
172.47802734375,172.73579212701503,168.66103905073186,169.5334969755198,56934900,0
165.15316772460938,167.41013274664442,164.72936173644348,167.24258643834608,69026800,0
140.4364471435547,141.34793445087533,139.8778061754508,140.21103166203335,61732700,1
175.71006774902344,176.15620551446153,174.73847648439144,175.5415274877659,42084200,0
78.42134094238281,79.27001725627908,77.70565215374695,78.44794139894186,216229200,1
158.42642211914062,158.80921256910548,156.11985467913553,158.14177423416734,96041900,0
157.13717651367188,159.7276317574304,155.90127718884906,157.03831361968307,67622100,0
143.08445739746094,145.63355774291225,142.17898598193645,144.58044581379545,88570300,0
110.06133270263672,112.34981979602335,109.28227974779207,109.93473854776296,144712000,0
94.29070281982422,96.47785829760365,94.04039532290808,96.4025235355618,103433200,1
164.29550170898438,164.4141432098461,162.36750188667764,162.41694087425697,56976200,0
142.375732421875,144.7647839323927,141.54647786060335,143.2839657599813,69246000,1
213.2427520751953,215.7410629536853,210.61504146610727,213.74042465409653,97862700,0
148.1212921142578,151.6258979697989,146.66022247085542,150.2734222564666,89868300,1
189.90858459472656,190.11650951153769,187.32445692665848,187.9581120008289,45094300,0
123.2081298828125,123.61914805852967,122.16100788299764,123.47235371969634,71057600,0
118.20233917236328,123.5463093432761,117.76271033657684,121.80732245880864,148199500,0
112.06741333007812,112.52511075993657,111.14227817215748,111.61945619842344,96849000,1
226.5735626220703,228.5466380182851,224.93930782860403,227.8490778167103,43556100,0
173.98500061035156,178.1588871164402,173.89576095445636,177.72265814247962,58436200,0
169.00927734375,170.22195467216173,168.46257606173032,170.16231728997553,46240500,1
171.68670654296875,176.83966343060845,171.41188337376713,176.29001709220518,94537600,0
156.27688598632812,160.81148242302393,155.35425909751854,159.44717659164758,121954600,0
68.58094024658203,68.59063676429346,67.1340437726702,67.18251896495144,126161200,1
212.25733947753903,213.8598456726642,209.65948819693887,210.51548557795783,66213200,0
133.54019165039062,134.50765533885576,132.0593734264766,132.36540678256628,58280400,1
217.3435516357422,223.4350586473056,216.0097928775357,223.3255700813178,62501000,0
77.06488800048828,77.06730085653118,76.16301849026416,76.4700857814728,137816400,1
161.26011657714844,168.58296208169574,161.20098435870386,168.10988929542629,78961000,1
163.15884399414062,163.61090803537846,156.51533507735743,156.91827280667675,108256500,0
141.67669677734375,144.58414598172774,138.58198553276452,143.39160620792404,99136600,1
149.88986206054688,152.29244288057856,149.42516275115915,151.96616367909397,56182000,1
162.4921112060547,165.3897106347166,161.8317762742878,163.97047703384425,60276900,0
143.3324737548828,145.41204208560697,143.1255109807676,143.7069978739473,68402200,1
152.0947265625,154.53686499973716,151.72890516544965,152.05516933291133,87558000,1
221.9896850585937,228.1978583447122,220.39528345963856,227.7494376466749,50190600,0
182.12649536132807,182.56213604593384,180.21563475820471,181.5522431050323,57462900,0
138.30117797851562,139.55111372624046,136.1555926085565,136.24416789439192,92482700,1
146.11724853515625,148.44706955079,145.83096367172806,148.23976345815657,58724100,1
180.4700622558593,181.33483464555084,178.91942962585208,180.69867728023533,53665600,0
111.95054626464844,112.30112268518972,109.82761457566852,111.99924032348429,137672400,1
115.13848114013672,116.88463032919714,115.10921727569529,115.7042739942992,76322100,1
136.2067413330078,141.03607776050177,136.00962893649438,139.2423203631924,124925300,1
166.79908752441406,166.89763621928432,164.49282549147833,165.26157448955212,70170500,0
128.26844787597656,128.28819633379305,125.80042540883515,126.767896482437,77034200,0
105.89479064941406,108.51937457678676,104.87898009446756,105.17788663317356,308151200,0
66.6565933227539,68.28526070625729,66.61781464739953,66.86017582115733,124814400,1
192.857666015625,193.58235469178888,192.1826017223777,192.22231940614063,47477700,0
171.60214233398438,172.06684167430913,169.96086445482297,171.06824047843108,53724500,0
147.23020935058594,148.2584708875877,145.4999504020457,147.19065212608928,51011300,1
182.13641357421875,183.57203672168453,180.77998409317425,183.0670826761933,49515700,0
144.18678283691406,152.99546042303857,143.5076754500473,151.07625368918983,142689800,1
186.04071044921875,186.23900735465395,183.1556780614674,183.35395983897268,60813900,0
152.07028198242188,154.2650810994448,150.5152283773258,153.06434369573583,115366700,1
175.98574829101562,176.18204841367742,169.12494892495155,171.87319557243478,131063300,1
252.8699951171875,253.21915892963327,249.1789022262073,249.4781833194368,51356400,0
142.94541931152344,143.51385551514431,140.83822735154473,141.57329118423013,76404300,1
145.9248809814453,146.08169819848888,142.93561820929602,143.27865400221475,72282600,0
143.60977172851562,148.05222699321214,142.39550484065782,147.5882360160285,93886200,0
142.1190643310547,142.4053492196724,140.08539469738815,141.33915831562229,54105100,0
119.71358489990234,120.44521126709456,117.06997585287974,118.04547767580269,127728200,1
164.77056884765625,166.94247354315863,163.76814322121325,165.12436524547022,79265200,0
149.97727966308594,152.60326780122008,149.23687049310803,151.91222225530666,64120100,0
144.75491333007812,148.99004656094093,143.90591033158032,145.8803345082114,68826400,0
66.29064178466797,69.31531263503878,66.154920085896,68.12774407264509,320605600,1
124.0301513671875,125.713384455607,123.51148456958131,123.89314532503754,74403800,1
167.82643127441406,168.3234297194346,167.22009256480143,168.0649959882119,49329500,1
172.49154663085938,178.76343034110303,172.28542177740803,177.77209005921313,153237000,1
226.5106964111328,231.30825199534104,224.7190721562944,230.3129068746265,64710600,0
111.96029663085938,113.35286214055571,111.59023958163668,113.20678738058209,83477200,1
145.38365173339844,145.5402343738835,143.77871699978286,144.3952518138537,71447400,1
235.0338287353516,235.3925683333293,231.7852533575211,233.07072804715943,38846600,0
110.19766235351562,113.08017356879807,109.31148107875158,112.67116282600794,161498200,1
127.690185546875,127.74890028967124,124.35309909386277,125.08706324389333,96906500,1
181.2255096435547,181.7920799507102,179.57547126273693,180.84778599399235,41529700,0
173.4236602783203,174.64146318273222,173.20583990744595,174.64146318273222,55772400,0
104.04309844970705,107.9773386911778,103.31273223375833,107.50990847358544,287104900,0
77.09391021728516,77.2849243200521,75.83177975550196,76.23798079684781,136616400,1
231.8954925537109,231.9950331368443,228.1828596567971,228.23262994836367,62627700,0
140.30897521972656,143.89149901958908,136.60835102555794,140.51566592761506,182602000,1
151.14553833007812,151.7387760380252,150.11727673451966,151.08621757661572,47204800,1
155.1002655029297,155.54378723487187,152.51805827855026,153.2276750032018,68028800,1
176.20578002929688,178.95822060931928,175.8394526832055,177.70080592181807,54686900,1
223.932846069336,224.56064415441705,221.97970491871703,223.813271274212,46414000,0
144.26406860351562,145.05504723585858,142.27673271533786,142.75132894674115,52238100,0
138.1038055419922,138.58403770640166,136.4278533132654,138.42723544419957,78762700,1
152.89700317382812,153.11353053796404,149.5408440475717,152.06041881077118,65086600,1
168.987548828125,170.92113587009246,167.86862157848182,169.69424129913546,86709100,0
163.15731811523438,167.9176743026287,162.87268520870165,166.85763576058818,94815000,0
66.25186157226562,67.4757902084099,62.13414668552269,62.34985172812334,426510000,1
139.65281677246094,140.7648880340617,137.90666052106042,140.08203987079344,98390600,0
104.31578063964844,109.17514872406446,103.97493710920855,108.69797818298632,150718700,1
131.61599731445312,131.94815999771666,130.48272061096776,131.72346346577018,66905100,1
226.7595367431641,226.78939588229807,222.21080217009413,226.0329238568709,59085900,0
168.87013244628906,169.58581142644354,167.14057238305094,168.51229295621184,50558300,0
163.34632873535156,164.44380780578675,161.97200945675792,162.7333124858637,49386500,0
130.26394653320312,131.02726798776249,129.9703579124024,130.60646907956024,70783700,1
187.71630859375,188.8494643803939,186.8714052160575,187.5174970927484,45155200,0
171.33334350585938,173.48286484992437,170.70517418411447,171.67687992199998,108923700,0
143.18063354492188,143.7784860744744,142.62199279545507,143.28844350778914,48908700,0
142.44483947753906,142.49420309949798,140.4605484095562,140.87517571941848,65874500,0
142.2911834716797,143.0055860270602,141.53765766277516,142.41840870833036,74993500,0
106.60193634033205,107.69551384802978,105.36011446956076,106.08430846674756,173071600,0
59.36153030395508,59.41485006682693,57.41537005354861,58.24909322048442,165934000,1
135.41748046875,138.47837485147704,130.51611778165204,136.89379579769508,137426100,1
152.5242919921875,155.36746808076367,145.9395881196466,146.13702755609475,154357300,0
90.02816009521484,90.3732478217121,86.65507978820487,88.44612298600447,185438800,1
143.67080688476562,145.56914623363537,143.37418806129784,145.17366452678502,55479000,1
193.4136199951172,196.2428918785589,193.4136199951172,195.4685635611656,52242800,0
151.26417541503906,151.52123700910988,148.22879983662045,149.48447760738804,77167900,0
77.6282958984375,78.68256868592816,77.12176183559734,78.19300168361448,100566000,1
223.69039916992188,225.04712701721013,222.82249764582767,224.0096364149637,40398300,0
121.33290100097656,121.9182079857445,120.07450289170544,121.3231513423879,82225500,1
133.7315216064453,138.51148876469895,133.35107654702082,136.1019984266858,142621100,1
163.03981018066406,163.13868814753852,160.0835490630284,160.60756909681194,68749800,1
166.61227416992188,167.42693392036205,164.3646100212536,165.1694450305174,107499100,0
119.71661376953124,121.37744187905922,119.32582849269843,120.48841264153351,95467100,1
175.9759063720703,177.97820636728795,175.22995998807548,176.82983503623868,79144300,1
180.07249450683594,181.6628805565922,179.56554634574937,181.1460130531962,40867400,0
150.590087890625,151.6387862531272,149.3649813670927,150.80570783515978,71115500,0
129.79763793945312,133.0652077917095,129.36458307542827,130.77199636565416,122207100,1
166.66134643554688,169.35068950665382,166.27855596311068,168.33972966979056,90956700,1
213.29248046875,217.6122894552709,212.008492058615,216.5771221156608,79943300,0
186.31558227539065,187.8741758399896,184.48896248395167,186.782166645184,69668800,0
174.7063446044922,176.51463074136956,173.65477761444038,175.47290101025155,92633200,1
175.02296447753906,175.54978158656556,171.99127109820583,173.29340452493878,55215200,1
227.73065185546875,229.6061325797712,226.11455519341968,226.43377721041003,36211800,0
113.54762268066406,114.20982181518612,111.54155210976089,112.4666798665226,92276800,1
123.19833374023438,123.46256502652562,121.20195027180942,121.41724762618904,75169300,0
106.51175689697266,109.53790628694745,106.25125778841227,109.03882559792696,187902400,1
127.96240997314452,128.62384018148796,123.29290160052528,124.39858171183528,87754700,1
169.00718688964844,173.35529415174287,168.6145716326397,172.53082457713552,84505800,0
128.00636291503906,130.29957424502024,127.00246441029934,129.99447151756362,108123900,1
149.20620727539062,150.67267022260623,148.41883645510177,149.85577431061836,55138700,1
189.4042205810547,191.35510374397245,188.6278525845266,188.7273931739324,53068000,0
142.64227294921875,142.65213964669184,139.25612782207975,140.87515496362036,70462700,1
175.4901580810547,177.28929006742356,173.16420894399843,173.21389665591337,101593300,0
146.7285919189453,147.19902872390466,144.94482931131162,145.35646338501562,60131800,0
105.9225616455078,107.78256428306258,104.51052343758192,106.25366482005936,122866900,1
225.71658325195312,226.3742750764108,224.6602986155859,224.9791850293864,30299000,0
190.92184448242188,193.3440930040404,190.7133645134209,193.0363491218764,41089700,0
139.8091278076172,140.07375496115557,136.33963327586,139.07406401271928,94639600,1
154.79656982421875,156.92246733373918,151.7455123790077,153.54661873975235,116124600,0
66.9159164428711,67.35216356380498,65.97070941666404,66.31243213683946,116862400,1
116.3383560180664,116.73830791782817,114.9824090034664,116.51394665375146,81581900,1
190.5521240234375,191.95804555395165,189.8590511343232,191.85903082478487,31458200,0
82.33424377441406,84.52139908925585,81.22122799958797,83.77290920023673,200146000,1
148.89132690429688,149.24670877710787,146.27520596359832,146.99586653400996,118339000,0
130.84136962890625,131.44812362014463,130.38141746101007,130.90988013297442,60214200,1
181.9680633544922,182.0670780867689,179.17602617310777,179.4730552624109,54274900,0
66.22520446777344,66.33426997710056,64.4268809310659,65.02793942933454,131022800,1
171.63824462890625,172.37742744821887,170.62310142681395,171.2440198074247,62290100,0
112.340087890625,112.8951660414172,109.8471063614068,111.71684250832044,140150100,1
126.23969268798828,130.33679730921182,123.6546114053764,130.24900571878717,143301900,1
227.23126220703125,228.0483972344343,224.1022615121284,225.208374045966,35934600,0
148.4730987548828,148.94353542048876,146.83635841514152,147.3949991515026,54511500,0
70.05935668945312,72.46600172757337,69.27895329807433,69.37589630273538,240616800,1
149.6589813232422,153.36945750408893,149.0979893908198,152.48365942752434,131577900,1
160.14173889160156,160.59381791240634,156.66275336768058,158.69707147174915,91454900,1
177.43350219726562,178.33446990727649,175.67113339582835,178.18596289670575,64848400,0
147.95364379882812,149.39435504502293,147.64000940856064,148.5612917363328,60394600,0
124.95313262939452,124.97266854154005,122.25672208309726,122.93082658307412,83466700,0
63.61254119873047,63.76764851271487,60.44003414092345,60.80842048337832,201820400,1
160.5284881591797,160.6372479005565,159.45078759523014,159.70784921727477,49501700,0
77.18578338623047,77.26556997023165,76.3201804851689,76.86904252755714,104472000,1
206.18572998046875,206.19569315156764,192.7286752556452,192.7485712223213,172373300,0
160.81985473632812,161.68469376070493,156.19101949826612,156.50551186924736,130216800,0
70.11994171142578,73.6778022281249,69.26682558358837,73.59782628927844,319475600,1
125.54708099365234,126.40552735664411,124.90324622140852,125.7421783802478,94359800,1
133.6089630126953,134.25375979845862,132.72970551008535,134.18538039178418,75693800,0
68.9347915649414,69.39527634714266,68.0138220005389,68.44279864460466,131154400,1
175.3647918701172,175.4139331761271,171.4337273224645,171.56149171892602,76468400,1
225.5770721435547,226.49384776666977,223.23531278607825,224.1421137055169,42308700,0
172.4383544921875,174.78803946069445,172.3689626845727,173.05304760725463,63047900,0
136.9755401611328,139.31136877975862,136.22650676572655,137.88226954674587,77033700,1
151.6211700439453,158.2245332834512,151.15794762648912,157.5937645718297,122656600,0
146.8834991455078,147.40512922042456,144.36390904477065,146.5094945567554,78336300,1
166.05990600585938,168.52384897861626,165.76422984138568,167.6072543726192,57149200,1
234.3646545410156,235.12283541072824,233.24735459247512,233.90577001446653,33498400,0
143.260009765625,146.55795044061162,142.7609195385989,145.28575790907,93251400,1
195.50827026367188,195.5181921115413,194.46590061872467,194.73394198979324,40714100,0
162.26412963867188,164.77680661253436,161.24334525758016,161.25315501974475,107497000,0
129.48265075683594,130.9786539949958,127.7602834489197,128.01618763180625,134520300,1
187.9932861328125,190.693513100917,187.5962001689742,189.51216190888897,43014200,0
145.8856658935547,146.7481305695104,145.53283467682837,146.38550388603736,56094900,1
163.19189453125,164.5501094435261,161.8336796189739,163.38873357210807,55474100,1
172.50778198242188,175.98767489704687,171.99223724872292,175.6208528452633,66062900,0
143.55685424804688,146.1059542427383,142.7596466450458,143.45842725252902,77588800,1
149.78968811035156,151.14217893420934,148.85183962560956,150.61895772492184,69858300,0
113.73263549804688,114.6382899624058,112.7977675718812,114.56038244447451,116120400,1
186.25880432128903,187.4980842034032,185.87214960318656,186.22906281435257,60794500,0
171.9525604248047,172.18058368172586,169.97962145460033,171.5659057161436,43816600,0
171.84373474121094,171.94187730471353,167.66248412220455,169.13475736538487,76138300,0
163.46499633789062,163.73195482649055,162.041237847574,163.13871709330454,41949600,1
230.5994110107422,232.4030684340921,228.76585988907573,228.935262581316,38802300,0
81.03654479980469,81.07057078079636,79.54442247076808,80.25646136244434,95654400,1
117.13744354248048,117.62592328414752,116.12140478537988,117.3426041395475,85671900,1
128.7272186279297,133.39011584373532,127.0200905501982,132.50240567092084,177523800,1
167.43878173828125,168.1842794442996,167.23005087422234,168.01530178433154,37425500,0
113.18749237060548,113.88985497969396,112.34856008113748,112.71925559287271,76499200,1
250.4358673095703,250.7750606707362,247.054025929588,247.3932192907539,51694800,0
175.49290466308594,177.57209321550437,175.0077566388477,175.57211342872856,99625300,1
182.2791442871093,185.8774079729792,181.56346535319665,185.529503014176,163224100,0
163.15846252441406,164.57232387674088,162.6344425042284,163.1881228963748,58337300,0
109.06802368164062,112.21347084794252,107.12038040161131,111.57074499929148,180860300,1
131.7332000732422,132.34868925693135,130.2677609937668,130.4338423005746,94264200,1
140.42503356933594,144.603886261403,138.65099162276434,143.99283321708396,128138200,0
126.8681640625,127.8076448543036,126.62350931732142,127.1617527432224,62746300,1
189.27491760253903,190.46301890335675,188.79968010371752,189.67096144116343,61235200,1
193.57470703125,195.58530834672567,193.2661524862918,194.77908126144504,41181800,0
126.750732421875,126.76049665039368,124.20086004629246,124.943351362238,78128300,1
183.0445098876953,184.4162303644228,181.3447838047128,184.20749952407863,54630500,0
168.36318969726562,172.71688554496447,167.2598525976239,170.71895735574867,73711200,0
159.9439697265625,161.04629519406532,156.98150288420325,158.69403377664,101786900,0
154.0682373046875,161.2522547050873,152.2795959021098,161.0262227132276,130525300,1
159.40794372558594,163.25548287606637,159.2999764162496,161.38078458519854,122848900,0
148.52645874023438,149.16709284731172,146.2300624042499,149.02911266156946,162278800,1
193.0860137939453,194.95235131957728,192.9271733347724,193.9993237123997,53631300,0
191.7755889892578,192.08334803730577,190.0283895071003,191.70610576075973,60943700,0
119.2476806640625,122.81358452353464,119.03274836980684,121.93431943503865,112966300,1
224.9791717529297,225.1884276449642,222.4679946111341,223.5143196873273,31855700,0
148.0223388671875,148.63087363821072,147.28620229834195,147.4236138587903,56787900,0
72.6208267211914,72.68127355425736,71.37320320125843,71.62707694862993,135480400,1
90.25174713134766,94.36602737751308,89.4400704095434,94.288260077912,197004400,1
169.82437133789062,170.90782428626645,168.43276661931924,169.54605342761408,54288300,0
125.14852142333984,127.44436736840764,125.02151191446714,126.22316795915263,84000900,1
165.45875549316406,169.91025482669738,164.24921696829185,168.90890687614657,70625300,0
128.64915466308594,131.1171724990301,126.47377539664268,128.38576506556214,168904800,1
158.9597625732422,161.00692131549803,158.34955713719083,158.4676575395611,67829400,0
112.02845764160156,113.49893059893088,111.28835101391871,113.34311554903113,82572600,1
147.798828125,148.47793549322745,145.85993303693337,147.41498678876548,76259900,0
132.2705535888672,133.83369484015344,131.3033582625716,133.3354359263558,73046600,1
163.9197998046875,165.15569918374248,162.45649916415186,163.02995828643287,81235400,0
119.14999389648438,120.37119341672582,118.4661251465933,119.71663226274288,103026500,0
75.87117004394531,77.66464882542346,75.25315194781216,77.22112369135226,129554000,1
224.5782623291016,226.10457929193407,222.2239408664857,223.4709328440985,48566200,0
88.6527099609375,88.93947601743045,87.48622986262237,87.50566798386447,140223200,1
178.6446990966797,179.04126265908485,177.0187642861302,178.5455506421133,43820700,1
225.4176177978516,228.8455550815525,222.95626872131425,228.71602079696683,63285000,0
144.74774169921875,149.1766857748829,144.38357386308195,148.35978984322958,81420900,1
220.9134826660156,224.89947175407843,220.5547430398763,223.71363756752507,39505400,0
158.95640563964844,159.2332458359396,157.55242604798346,157.5721895715334,51305700,0
147.78565979003906,148.09169315452817,142.523817082341,143.95528678900914,93979700,1
233.03086853027344,236.65811760908664,231.5560417756155,232.7917037363273,64751400,0
61.75606155395508,61.92813964643738,60.444886473049856,60.76965331673908,167976400,1
148.82240295410156,148.8814531521364,144.5410833823405,145.49576829817823,72348100,1
220.13619995117188,220.49493955114087,215.95091475509392,220.0465188525148,67180000,0
143.7784881591797,145.05260184201776,141.62230382548356,142.1417477573086,86960300,0
112.7198715209961,114.94992429837151,111.59023468508376,114.3753655822656,101988000,1
228.7359619140625,228.9452330176168,224.0424685900414,224.4410613901992,33591100,0
121.55728912353516,121.90299909151932,119.83119107466612,121.4331319106022,211495600,1
143.9927978515625,144.111062272716,142.17932484118148,142.93822330057475,87830100,1
184.29039001464844,187.0700369449825,182.5531125766718,185.78940680790257,82488700,1
190.16737365722656,190.55453778649465,187.4473029046773,187.9535897974558,68741000,0
176.6519012451172,178.6942471635063,176.265246533602,176.82045661878996,65551300,1
190.0113677978516,191.9224436975809,189.38431073139583,191.3750008715001,34648500,1
192.2210388183593,196.3815891899795,191.25555286655265,195.98344204153503,97262100,1
227.4006500244141,232.27352055331795,226.8226798440416,229.1644542640561,318679900,0
138.57980346679688,140.76493317496252,136.97023121686135,139.91623636383397,140843800,1
144.6017608642578,146.15029724311051,144.57235950525344,145.39564242211458,48597200,0
139.30552673339844,141.48727252057145,136.1365686570124,136.3537565657324,81760300,1
157.31137084960938,163.28657531432245,156.9968785115613,162.68708741626082,90009200,0
88.48503112792969,90.03062510995592,88.3708201093687,89.3939209303781,114041600,1
172.3933868408203,172.6093214552471,168.96789225444832,169.8414404758155,92135300,0
111.99925231933594,113.00472456165949,110.94508601296111,111.43443386689364,210082000,1
233.7269287109375,235.17017597600105,231.2485141029904,233.90608352734432,43234300,0
173.29098510742188,175.56135441857745,172.55734106823024,173.17201907467273,56725400,0
133.03668212890625,133.19463966232263,129.97633400317605,130.3415976184994,57809700,1
143.9156951904297,144.67901674920688,143.044724953746,143.83740388535773,46397700,0
128.4856414794922,131.70396238313268,128.22897177101316,128.80155656407595,70790800,0
117.5500259399414,118.02719653089068,115.05704456556252,115.61212268187876,112559200,1
154.09774780273438,159.54226611663734,154.0191247048665,159.45382075496946,95623200,1
231.3368225097656,233.0308799404877,229.71254238803704,232.6123377292532,32993800,0
77.57840728759766,77.64887695753947,76.91982513329616,76.95870878721165,111504800,1
208.84332275390625,212.6455332580988,205.4292810556757,205.9369016050796,63516400,0
139.13768005371094,141.53659829976584,138.20969824104947,140.37169521657745,69721100,1
226.72303771972656,227.69960067739044,224.62042810744603,226.5038071284677,36636700,0
167.5777130126953,167.68612712105886,165.9219503090154,166.3457413443442,51218200,0
161.9225616455078,164.43390199308925,161.88300442555024,163.3265412208214,48714100,0
145.18577575683594,147.35493167322633,145.11707745747125,147.2469643655917,65187100,1
153.2515411376953,154.97191870811756,152.5396618041871,154.31936013795766,98944600,0
148.59547424316406,151.55220575538115,147.48176722784044,147.50148298209515,93339400,1
215.5622711181641,216.45911247240767,213.17066883128115,215.78148650258865,59357400,1
247.36329650878903,248.1414182384854,245.08876927344312,246.2958641332418,32777500,0
113.7337646484375,114.61171786005691,113.372833703236,113.71425788484106,46691300,1
180.5875396728516,181.7589539428833,179.5650288616003,180.82578520690032,71983600,0
144.99185180664062,144.99185180664062,137.71610267221538,139.43385733276594,118854000,1
172.67713928222656,176.64319229534289,172.4783429395777,174.51603957790343,75604200,0
131.33265686035156,131.5573682758643,128.89025813953373,129.38851701920058,91266500,1
177.82179260253906,178.75373349578624,175.8191120741523,178.52571023294755,58953100,0
72.26725769042969,73.72142482703582,70.09812948275813,72.04428953806494,222195200,1
180.1859588623047,185.5225277890391,180.11664551288445,183.6809651573304,115799700,0
143.44528198242188,147.7184543955626,143.23945749374153,146.81677773378797,86326000,1
183.45654296875,184.67759686655447,182.8708357894957,184.46913200851657,43627500,0
131.29360961914062,132.29011265780838,131.02006210377638,131.89931984498693,66015800,1
173.50909423828125,174.9863213204115,172.329312484714,174.96648860625493,109205100,0
76.96333312988281,78.17710300745777,76.772319051517,77.43240119345582,146537600,1
77.0000228881836,77.98181472796601,76.76186329555514,77.43988355018321,102688800,1
165.89805603027344,166.04716464714997,163.9299466584378,164.35737315952596,49537800,0
78.32931518554688,79.1312690763083,77.95506657558614,78.83236263047952,87560400,1
131.8982391357422,132.35819116099708,130.49882143563215,130.5575361737434,62111300,1
186.0101013183593,190.11091836221465,185.76126503778056,190.0910072071952,51005900,0
124.7471694946289,124.76668369873352,121.08903768627565,121.29389217444482,157243700,1
228.19786071777344,229.5929507273616,226.68318070354871,229.3836948285937,52990800,0
133.48097229003906,136.83748784767334,133.303266255476,135.07038458340625,69672800,1
192.5719146728516,193.7006132085353,191.40361930588423,191.750140679082,47471900,0
190.03729248046875,193.03725474426253,189.33432409540023,192.17588392818155,71917800,0
151.12838745117188,152.01541585586838,149.72886978727786,150.9509907934603,97943200,1
229.46685791015625,231.55708874298097,227.6155153743793,227.8544036714271,53046500,0
186.55751037597656,187.4234708736874,185.42281765723527,186.63713980035,52393600,0
148.48367309570312,149.38666561598745,147.28622291132336,149.08239818789303,65463900,1
155.87161254882812,156.7021483382564,154.2204529064242,156.18801000892674,45992200,0
146.28750610351562,146.76775321734434,145.1702096154499,145.73866080480445,58418800,1
184.1661071777344,184.6710612981128,181.9582170412248,182.1364405859263,65433200,1
254.9749298095703,258.0774615569102,252.4510193654514,257.2095296020788,42355300,0
131.22518920898438,132.0067447760847,129.1149534004929,129.1149534004929,78657500,1
160.2021942138672,160.2021942138672,158.2741945090455,159.59907481013732,47716900,0
111.8994140625,111.98949137768707,110.08566824114568,111.82394347790164,165565200,0
109.86656951904295,115.87504793239556,109.7302350684399,110.96698542167366,231366600,1
193.1268005371093,194.0823384761381,191.62383496596823,192.0020557606219,50080500,0
78.57720184326172,78.60150505310432,77.50549481099908,77.94778801471988,87642800,1
189.0956573486328,189.6928704821682,187.16468542966413,187.94106857836448,36294600,0
78.63165283203125,78.63407306645281,77.43481001675215,77.9933381396351,105425600,1
145.0550079345703,145.5295889507278,144.07617044500316,145.45048960025846,55469600,1
181.53366088867188,182.8159102315647,178.482083088638,180.0128468267154,54318900,1
227.61550903320312,228.33215871662,225.3162642938077,226.8690002119573,48076100,0
146.41342163085938,147.22294276953917,144.73516410236186,146.3147094607483,71250400,1
176.2652587890625,177.0881424893324,175.03590276334816,175.7993034466227,51988100,0
127.42595672607422,128.45349448946405,126.71155427190784,128.05227214213332,78973300,0
120.2208251953125,120.8353960181108,117.2065285705889,117.54795267076172,81312200,1
129.4862060546875,130.98096780991455,128.79257315513814,128.99772630286216,75135100,0
60.16130828857422,65.43751165247654,60.105566258571045,62.02991441516443,418474000,1
171.1076202392578,174.45459210584534,169.02681191245964,172.01061281459928,139380400,0
140.85028076171875,140.99790624101624,135.47648804751876,135.6142768341469,117726300,1
206.26535034179688,209.0125123984033,200.13403637997632,204.34434168651265,69660500,0
177.18728637695312,177.5441995976702,174.99623283045386,175.23418002024147,52517000,0
151.00172424316406,153.00109134257815,150.88410385737802,152.39344334318108,57305700,1
152.30123901367188,154.8243141649417,151.47335779942037,154.2132611313819,73714800,0
147.2945098876953,148.0632589024532,143.89427154723307,145.0671108242576,75981900,0
117.79347229003906,120.46174167565064,107.98708803912147,116.92677156884038,332607200,1
225.98562622070312,226.573555899704,222.2388023482828,225.09874435066007,32880600,0
161.9126739501953,163.18813034939654,159.97479248917713,162.88162976736427,51511700,0
117.2253646850586,118.63218870661474,116.9225096345994,117.13744191051596,185549500,1
154.31430053710938,154.8457824202778,149.75741782188803,150.1707842766552,78620700,1
162.22520446777344,163.72883537462482,160.75105534373716,161.09501447518673,69023900,1
221.60104370117188,224.6901757794695,220.744055533832,220.85367082984084,36615400,0
128.21620178222656,129.78910756160872,127.62025574389612,129.46670905819494,91420000,1
146.2160186767578,146.9761763880492,145.2386730479546,146.41345812986,35195900,1
169.3074951171875,173.93952434742974,168.97947431756717,172.2894858404387,65934800,0
72.86104583740234,73.49360499399509,72.43448777558325,72.81984118068168,142333600,1
227.4712829589844,229.18714506333228,224.62813528483125,224.7079445945764,44686000,0
165.56105041503906,168.9919077307227,165.27432844465707,167.58792807875122,65136000,1
192.4804229736328,193.90995662610305,190.8622681937036,190.9019858773044,60133900,0
117.715576171875,125.46719678609372,117.34552656361724,123.58772784996528,257599600,1
184.83644104003903,185.04490590225785,182.5829392119836,183.0098210810569,46792900,1
191.745834350586,192.0932959838613,189.7008125379297,191.09064392317032,48087700,0
166.99147033691406,169.62555591523414,166.99147033691406,168.59180586766368,50901200,1
172.58969116210938,172.62896017118422,170.12609251689005,171.51984280427115,84914300,0
125.64461517333984,126.51281104420444,123.75213959561896,125.35196170209892,91951100,1
154.95187377929688,155.7370893093728,150.22097604546676,150.86877998103495,137827700,1
234.1768493652344,235.3527087996536,233.1903116322836,235.3527087996536,46431500,0
131.11538696289062,131.21325484898733,128.80584521691114,129.3049505304444,74783600,0
125.8202133178711,126.98106279830375,125.35197663907472,126.0250752376433,100384500,1
229.29400634765625,232.6521969660621,228.74592985962587,231.79520878623467,47070900,0
163.68954467773438,164.47576067919033,160.14175790506158,161.55694370851774,79724800,0
141.95553588867188,142.014338607517,140.65202078625612,140.90685250780268,67940300,0
139.3247833251953,139.37399683516924,134.767885626568,135.59463354770725,73353800,1
157.27804565429688,158.2104823634522,155.85483622919187,156.42411700388635,88748200,1
173.24200439453125,173.60562304759242,171.88578239754793,173.01597239364082,71285000,0
118.62242126464844,119.13044438108312,114.86112866250237,118.19256415106084,153766600,1
170.85931396484375,172.33453386665053,169.30487018579348,171.89889318697968,45497800,0
166.6387481689453,168.42834281753628,165.65002884530062,168.1712661379265,48425700,1
222.91748046875,226.71969060050867,222.051519961604,225.9532706718539,48201800,0
188.956298828125,190.21044329921963,188.77714401097435,189.5833710636724,52845200,0
150.07064819335938,150.43328990399013,145.6504691143869,146.0327017624141,90956700,0
128.81500244140625,129.38079521351278,127.03958220290218,129.18568296556424,105158200,1
143.6612548828125,145.03131534477524,142.69241681379228,142.81964204688137,77338200,0
69.81942749023438,73.32155060377019,69.34682747801553,72.93862307301592,230673600,1
218.8365631103516,224.54984915998065,216.6965773298152,218.1298614428512,105568600,0
110.72109985351562,111.2168571833951,106.73076025201289,107.32129046502143,202428800,1
126.72142791748048,127.00473962361812,124.4744180042341,126.2231690137212,96856700,0
70.99246978759766,72.59931887007787,70.62650188594877,71.6226032020859,187572800,1
188.3109893798828,188.99597562451044,187.1991364308411,188.8669158544037,50922700,0
75.27809143066406,76.28392794287467,74.84528990021097,75.4014053711113,121923600,1
131.6829833984375,132.97063793703109,131.31228797923288,132.40484514955168,83305400,1
146.6403350830078,147.85564605050203,146.17969386697683,146.47372240240912,48606400,1
154.95242309570312,158.26396254446672,154.87357512802876,157.99785253340468,87991100,1
183.0868988037109,185.1363862861082,182.4433482525156,184.87895397960628,101235600,0
135.2698516845703,141.15542444919123,135.1517512668135,139.88579990473832,67083400,1
153.71063232421875,154.41038374001005,151.39451980442465,152.58707487686897,87449600,0
136.6103973388672,140.84553006556408,132.66154945569053,140.27294531486436,140814800,0
113.810546875,115.60237527015636,113.40153610682728,113.61577807356772,89946000,0
111.6072769165039,113.04853640766868,110.97916514281516,113.0241893774422,119561600,1
170.1365509033203,170.71080319124064,168.82964388505917,169.393985633902,45143500,1
173.0215606689453,173.5810317235857,172.03023535098566,172.59951616954052,68356600,0
141.32188415527344,143.7858266330756,140.59255176790788,140.95722548094636,64522000,1
225.69664001464844,229.05483047059747,224.8894645684117,227.1216236092518,38052200,0
122.18059539794922,124.27483971332012,122.11209235833508,123.8540331938986,63342900,1
179.8628387451172,181.43135417752765,178.86018676112266,180.66696287937032,62303300,1
217.522689819336,223.7535592452868,216.11926491073007,222.9572802069956,61777600,0
138.98348999023438,140.0893194288692,137.07518571489393,137.07518571489393,108181800,1
146.8050537109375,149.59324968756485,146.73585119733022,148.50565230235682,58867200,0
75.67799377441406,77.69017607011091,75.55648516376499,77.23816018202187,162301200,1
140.0458984375,140.60860145852004,137.03489874919626,139.0883015683729,65799300,1
172.45846557617188,174.97327656975762,172.06087287514865,172.32924112310414,68169400,0
165.91055297851562,166.50020354427738,162.06793455898944,162.6575851247512,81532000,0
140.35604858398438,140.83897177317823,138.24691403880277,139.035378783641,85250900,1
172.28543090820312,173.90492564658769,171.58856322387598,172.86452151388104,74805200,0
77.5628662109375,78.3796223944295,77.070873196759,78.12999061671879,117684000,1
89.0731201171875,90.49477263698164,88.03786416864946,88.4582867176972,212155600,1
213.10340881347656,214.7357742988709,211.36155475092565,213.690658823788,49772700,0
74.76426696777344,76.78131490249868,73.68526961866718,75.85784476081635,200622400,1
174.2877197265625,175.91702412287862,173.98343733201935,174.79809701854663,64062300,0
146.38380432128906,148.35822845841318,145.544668037547,147.0649830587826,73374100,0
143.83245849609375,146.2240967666152,142.61203260738884,144.70840485443364,71598400,1
195.97349548339844,196.02326577578603,193.23629646745044,193.7439169991778,53103900,0
163.36520385742188,165.9990247912093,162.69693011047048,165.56660530985462,76678400,0
162.89346313476562,166.1169343880837,162.6477716368248,165.80245706854532,72246700,0
140.05419921875,141.30870734815736,139.72097376826417,141.1617005185067,58773200,1
169.41903686523438,171.09957339010344,167.73850034036528,168.72126637937606,82465400,1
169.7040557861328,172.98232955327137,168.9384747506924,171.2548523641826,89418100,0
161.0728759765625,161.89090686431402,157.00245233153106,157.2882631049793,104956000,0
138.6918487548828,140.3972023557475,138.2312075228374,140.37759646472705,73035900,1
158.0436248779297,162.63711008012285,158.02399037507982,158.6914137046002,117467900,0
122.7481689453125,125.26321922006456,122.53287159267488,125.08706751938556,79295400,1
130.67726135253906,133.47107341378072,129.64070069453433,133.38222793972224,79592600,1
229.76235961914065,230.0114839114603,227.60992208421712,229.17441473320773,31109500,0
141.08250427246094,145.41636538627455,140.10515873582997,145.1893107898035,64727200,1
148.61570739746094,148.8420714884981,144.59029217223815,145.58433884840355,82982400,0
123.49853515625,127.83952293982476,123.28392355422082,124.59109992908554,155088000,1
221.9398498535156,225.278121439128,220.41521040716108,221.83023455712816,54561100,0
143.994140625,144.53319056895606,142.6612239249068,142.75923844377732,53477900,0
138.59646606445312,145.0331931657119,137.69097960525806,144.5312514480339,109742900,1
196.6697692871093,198.16878635020208,194.7339485373248,196.58042720970235,66831600,0
139.36474609375,142.95819794116494,138.55523991340186,142.44484337334484,83763800,1
147.6788787841797,148.46734352386844,142.75099295951767,145.5106120290712,146691400,1
212.3170623779297,213.2029189157903,207.85792055043288,212.1179963940502,47161100,1
221.7206115722656,223.2552104631355,221.1326819144566,222.7968302980212,36766600,0
149.13815307617188,149.8884289191742,147.4302651381728,147.53885908183943,58301400,1
233.3088836669922,236.12571210202407,232.00498402552307,235.3792032824568,62631300,0
145.9197998046875,146.1073724903674,143.78741832063093,144.0934666867535,65447400,1
228.44891357421875,229.37666823104936,225.34639715216647,227.51117324017343,35169600,0
67.36914825439453,67.84175558934598,61.30526952735632,64.19906676832508,370732000,1
189.84971618652344,190.16738195236096,187.8543189235293,188.94632812953893,45679300,0
136.34474182128906,138.33561191162715,136.16734514961954,137.123356205743,70433700,1
207.171142578125,211.70991411236912,205.6283545307824,206.75309943026167,80727000,0
117.9298095703125,122.10750566774657,116.5177710390298,121.99064438590798,262330500,1
171.96145629882812,173.26358975503445,171.0171623179081,171.87200022180366,72913500,0
119.41118621826172,119.75261038065898,117.5967521638208,119.43069298076075,86939800,0
64.50929260253906,67.39823435621751,63.741004240036446,63.92277516467533,286744800,1
87.21161651611328,87.35499583192716,85.33552267955825,85.38169655946604,135445200,1
221.2323303222656,222.0095968952219,218.94039900502227,220.21591416091667,44944500,0
133.71788024902344,135.06048935091275,131.05241050570748,131.27946507821224,85928000,1
156.73153686523438,157.94034999172632,153.62600731797474,155.42445612408045,88966500,0
147.7146759033203,148.64407457569817,145.57905341345287,148.39689471971093,48394200,0
140.34207153320312,143.70846830830249,139.0981746838461,140.51976247530513,76097000,0
121.88546752929688,122.96012147290102,119.5212199090365,121.19182718884684,111932600,1
184.49888610839844,185.96812234304272,177.94686171013706,178.55242764739413,102518000,1
227.97007751464844,229.6061302933644,225.16684213362325,228.3292117939797,42108300,0
171.84373474121094,172.70747316976616,167.54469207856835,168.94826702497062,116998900,0
171.54928588867188,171.76522050687674,166.37669476906368,167.0146888598467,115541600,0
157.85189819335938,158.22535413843605,154.91343692811435,155.8765435805617,75615400,0
77.46105194091797,78.50078345731488,77.24292836168937,78.42807806299739,94323200,1
145.13671875,146.6678808138986,144.95022837459734,146.2065822230877,41000000,1
229.3168182373047,230.16477882059493,227.511176396392,227.511176396392,38168300,0
123.21035766601562,123.66805506312151,121.8080520118478,122.87682491569296,163022400,0
68.6294174194336,68.96145104694212,67.84901413734978,68.29737639564895,117087600,1
173.9892120361328,174.4067040844594,167.1505236254001,167.3294357885208,91070300,0
108.20376586914062,110.69918395823288,107.40523237781792,110.24148657363268,198045600,1
146.503173828125,146.65999109460307,144.92523560211885,145.84651834903045,61421000,1
147.0323944091797,148.5515295481681,145.68966743805245,145.69947786176533,69122000,1
169.705078125,172.6572499858552,167.92583043526673,167.9854678195768,76114600,1
175.8758087158203,175.92493501881802,173.30095161685145,173.64492571274934,100589400,0
76.97085571289062,78.79591020427941,76.91495907592241,78.61607981377851,125522000,1
131.4010467529297,131.88952648063574,130.56086102498654,130.7367214787142,89347100,0
130.12123107910156,132.87624896678753,129.73043835612685,132.3682407877475,80576300,1
156.0496063232422,160.3109851135221,156.0298277082381,157.50302524945468,75701800,1
230.48980712890625,230.91829362955485,227.79926770980504,227.89890830734765,39882100,0
184.56837463378903,185.382420570264,183.84368591687613,184.7073562390581,40444700,0
67.51698303222656,69.27410181526112,67.42489198474726,69.09233090667134,112004800,1
236.7588806152344,237.2377212602243,233.4069656561656,234.24494059041533,28481400,0
225.09873962402344,225.1983954207249,222.2587166767679,224.92933693390268,40687800,0
169.74169921875,171.58574835004077,168.87915010499984,170.54475018871184,51814200,1
171.3059539794922,171.86613784627107,168.97680315531144,171.0307806751932,78751300,0
129.4713134765625,129.5789621778242,126.44738395822412,127.5140752227446,79663300,1
143.63150024414062,143.9157183941278,140.30901175541666,140.59322990540383,85589200,0
77.9312515258789,77.9312515258789,76.06507446922856,76.1450504217699,109348800,1
216.0306091308593,216.1402244248995,213.7486373617293,214.9942587915762,45519300,0
69.56977081298828,69.86060717517675,67.38852028540254,67.86112752488982,194994800,1
113.6790008544922,118.2120920526179,113.53245544800268,118.14370519007068,154376600,1
232.30960083007807,232.6886912431441,229.1871434272115,230.9030055193102,90152800,0
182.7562561035156,183.3824789542038,180.26132954316023,182.4481195157763,65434500,0
60.042572021484375,62.012966292537286,59.87534218227991,61.256800443757655,204216800,1
151.65692138671875,153.8123437761435,150.98766576840873,152.93639744167697,66675400,0
147.1959686279297,149.79789197212497,145.90484979505857,148.7827486054812,88194300,0
129.4393310546875,131.43911264182535,128.49309315567558,130.79527790714135,99116600,1
141.88018798828125,143.8276453050716,139.49235507835914,141.7138245389889,118931200,0
64.48504638671875,64.80011298883151,63.31201906395062,63.677979447206575,168895200,1
172.25991821289062,172.8052044328195,169.46409530048962,169.75161672914737,52164500,0
137.0315704345703,138.44883540642064,134.51199493699397,135.2895293397043,66242400,1
162.00900268554688,162.27433874391238,158.097582687372,161.0163992959612,91974200,1
171.58372497558594,171.58372497558594,169.2677105816515,170.14243263043366,121664700,0
118.7966079711914,122.86444868955574,118.03571775825858,121.47923792024274,115089200,1
257.57867431640625,257.58862955018265,254.675658125688,254.87518901917565,23234700,0
116.56271362304688,116.69928328623824,113.58743745496244,114.31906384026838,112295000,1
166.0372314453125,167.62763251332663,165.55018268321453,167.02129381245496,43122900,1
173.95526123046875,176.31484005715805,173.68757251536525,174.53027383635083,59302900,0
169.79237365722656,169.9984835275847,165.9938984450784,168.38879868844631,91185900,0
141.47897338867188,141.79212374224406,139.60980728509813,140.4709819568287,104911600,1
142.71157836914062,146.900281375259,142.0512434645865,145.934419951747,109180200,1
187.8888092041016,189.7996698114742,186.6016931169576,187.79968989475896,60750200,0
54.37858200073242,55.379534953760505,51.52841558126917,55.27774369215165,336752800,1
130.42408752441406,130.668327388692,128.27477970021195,129.31035433959545,68847100,1
232.183837890625,232.183837890625,228.84556632808733,229.234199611622,54541900,0
110.5190200805664,117.345512119,109.5549387003112,117.20917767854652,182274400,1
174.5699462890625,175.45231307707115,172.65649003070402,172.70606425815106,46172700,0
156.55462646484375,162.17604917250483,156.2990977080652,160.54465401699207,96418800,0
145.17022705078125,148.06149059395435,143.98433223540383,147.35582799517005,109296300,1
223.69039916992188,225.15686291743447,220.96697301971395,224.4585504714927,42005600,0
153.56275939941406,158.04713803269738,152.73487827783595,157.44593542420824,76957800,1
216.4776153564453,219.8219755631398,213.620964537798,217.9108995698048,51391200,0
175.9678497314453,176.46356172729125,171.69479961979252,172.30949278163357,57224100,0
117.7529296875,120.34187390478134,117.54776908284732,120.04878306750058,121229700,1
172.9935760498047,173.59834528388794,170.48527458580276,170.82235510894964,61114200,1
190.67095947265625,193.2451766513384,189.94820018063527,193.10656507331345,50389300,0
59.83413696289063,60.03044895212406,56.78523248433621,57.28449598735918,287531200,1
209.6395721435547,215.0642148828325,209.3210696212814,214.76560832661605,82542700,0
179.1602325439453,180.77624333047945,177.50454119898205,178.52572180730996,56743100,0
90.8520050048828,91.3210265412658,89.88479363094679,89.91638706165726,118655600,1
223.13644409179688,229.3673137711516,221.2353466054131,229.20805491946456,66034600,0
182.91050720214844,184.5286619910614,182.09646131024977,182.88072651321147,58414500,0
92.81073760986328,97.1631783276675,92.59688119999984,94.54830981555456,191649200,1
170.38566170353292,170.7069914627632,167.42165613751385,167.75017997683278,74916071,0
151.5109240107142,154.31981626309798,149.5045079319326,150.84862516731755,68690548,1
221.98903691978492,223.1351292799047,220.6743330909981,222.0660236532453,35455914,0
95.27405203229856,96.6807308847893,93.91109301185556,95.08632679518944,129541104,1
159.74263646714456,161.55947094346837,158.73507562114096,158.9902629675795,67814518,1
173.87932632212872,175.41870999457404,172.42827719760464,174.88341398146116,48843189,0
132.8750944124215,133.00712211637767,131.07150047598174,132.1494970118236,71298236,0
119.83976755491528,120.2087385167827,118.044329250092,119.85849980754142,86947906,1
145.51242761100323,148.2569927611763,140.16626203552823,141.05286952271962,154629490,1
151.6389236249551,152.13492125118427,148.43449457608014,150.2138237258484,91400869,1
228.25686546982905,229.18562039195328,225.1696772625261,227.3277479217361,35169630,0
85.84677667088994,86.46836060995577,84.11732422376211,85.24712687790898,159155758,1
157.56504463852804,157.90499814974694,155.53709405892442,157.6147185213345,66985684,0
152.11779262544383,152.87838559965164,149.9275828096959,151.24420137103303,71079268,0
130.26001807573385,130.8095227457798,128.18517938302105,129.31008318023942,77034085,0
79.64798441717251,79.67617692309518,78.65570178317675,79.10082965594272,137805737,1
224.66409631033065,225.14805889870985,222.51936354889816,223.15919374723623,28137181,0
194.19051398011973,196.66713334112453,193.3842724192324,196.270097314941,50348398,0
166.74944937931645,170.05870723397172,165.88865833610345,168.3825664622056,89479730,0
132.51853573248314,136.60782006270827,130.80591935948678,136.06678858601205,110231482,1
173.5005119636106,174.5703892636012,171.87018698971934,173.4770782595159,59991556,0
154.89508395626163,160.2999614815724,154.6359553219034,158.74683435882477,96420916,0
144.11245326518107,145.21128494103286,142.387469008246,143.00028843692328,66509829,1
174.91063851959663,175.5779154206223,173.5420259643183,174.4317343878542,65594818,0
163.6254945979366,165.00036040576578,161.8618180608953,163.8507820779173,76463448,0
75.9819063137299,77.13843197630374,74.68884128218068,76.05110803671764,214128457,1
184.1401137687452,185.59225368674996,182.5134100551013,185.28949900952827,54652110,1
212.9810345002317,213.74084446024312,210.8890627670992,212.5540598080876,53044207,0
138.5471709931098,139.79228907354698,136.18186623329947,136.5490568818424,81061445,1
152.50147516469806,153.50334442993233,150.36268164437226,150.99877183411184,61812095,1
227.8596584097049,228.7061218509852,224.60301401223705,226.9340841806533,34622036,0
163.00340270636715,164.0875103031237,159.4179077830232,160.89435433457516,115464867,0
120.35273448501437,121.6186049374599,118.69181187202238,119.98332586189858,92500015,1
137.9488730800715,138.9526746882934,134.32587444661755,135.34571045377433,175512245,1
162.456598347778,163.90119652440404,161.87203226752774,162.96960501577968,58585695,1
165.68035174130475,169.10438200890502,164.90768122464806,168.3709916655178,80305666,0
66.12522915232863,69.09353035270725,65.9341235388079,67.87312573480544,320087761,1
159.34680571474027,162.5319144434333,156.9226257940345,159.02338964620458,115798540,1
162.14646735683533,164.71012000732236,161.4312235297304,164.21470576035856,76684016,1
163.47012998836647,164.3570840978566,162.72934123203683,163.82257503653494,35188337,1
165.07720259761888,166.62517433779416,164.18975841523735,165.79079662668826,74812870,1
183.9096294037438,185.4638807526399,183.1137081456193,184.2207790253061,49032180,1
193.5642856875884,195.38446973757323,192.70841318424223,194.71519470235108,34696667,0
136.33793698492266,142.12223034633556,135.8830377281273,139.83496390091972,142638226,1
162.04058888054823,162.84417960561655,159.82322340823177,160.78080682358734,54432460,0
138.423059367627,138.48595428845312,135.6111757850264,136.46674598492106,69460048,1
200.79159000438867,200.99997597799836,199.21036572893797,200.4322431748353,38520736,0
171.68335236085215,172.27951866436942,169.01979034791924,169.32551742444295,52186970,0
161.8007392375197,162.0731534926222,160.27416288610686,161.39109258206125,71288534,0
159.67371631426312,163.55040224435706,158.7403977787019,161.8541377249456,73693965,1
173.0334757465201,173.58165726401148,170.30073514835786,170.63932030388636,52173477,0
127.46016975541788,128.8570036361701,126.3108768921362,127.75198622854045,95578255,1
149.62848136627397,151.6589134486455,147.7453289832455,149.76024482288793,129996375,0
137.70314396608364,138.5619877184963,136.89632980879912,137.8442971440018,56938056,1
151.1086856757126,152.20530823084064,149.146072279876,149.46762640766062,61655600,0
128.78302090298203,129.9244163993386,127.52255139274764,128.89472393103716,72072672,0
74.41565956329656,77.3940535910772,73.99222877043383,76.7208381449488,199423628,1
146.21303627328896,146.91487171618405,143.19982375230435,144.3425915415706,105049144,0
95.15402865866372,95.2771084400122,93.12528822105055,93.52184977425306,90306292,0
80.9092285330727,81.2020787892348,79.62909590654905,79.99514265073822,121500588,1
172.14303610406904,173.1921180151929,170.80460530942628,170.98627684672456,44974776,0
117.52236381354608,117.7127014240661,114.737226867191,117.09769651539682,111091063,1
235.6486233878996,236.61421701510412,232.63841277049124,233.61069253803427,51372515,0
170.28211474471885,170.71734155656196,167.37840315438063,168.89561882610406,67766169,1
178.7478635201026,179.80468520977976,176.96149694426975,179.3182588901227,58855082,0
129.17716194178405,130.12573603419492,127.33110694322048,127.7536342778692,96684152,1
224.03956933039447,225.9497321108553,221.71395192564836,223.39332997489177,39952557,0
